,store,address,phone,address2,경도,위도
0,학동역 DT점,서울시 강남구 학동로 211 1층  ,02-3444-9973,서울특별시 강남구 학동로 211 1층,127.0320468,37.51475801
1,수서점,서울시 강남구 광평로 280 수서동 724호  ,02-3412-2326,서울특별시 강남구 광평로 280 수서동 724호,127.1030981,37.4874276
2,차병원점,서울시 강남구 논현로 566 강남차병원1층  ,02-538-7615,서울특별시 강남구 논현로 566 강남차병원1층,127.0347571,37.5067415
3,강남대로점,서울시 서초구 강남대로 369 1층  ,02-588-5778,서울특별시 서초구 강남대로 369 1층,127.0281496,37.49578562
4,메가박스점,서울 강남구 삼성동 159 코엑스몰 지하2층  ,02-6002-3320,서울특별시 강남구 삼성동 159 코엑스몰 지하2층,127.0595414,37.51163116
5,압구정에스점,서울시 강남구 압구정로 46길 3  ,02-541-5832,서울특별시 강남구 압구정로 46길 3,127.0368859,37.52841885
6,강남에스점,서울시 서초구 서초 1306-3호  ,02-593-5095,서울특별시 서초구 서초 1306-3호,127.0260863,37.50043581
7,청담에스점,"서울시 강남구 압구정로 461 네이처포엠빌딩B108,109호  ",02-548-6052,"서울특별시 강남구 압구정로 461 네이처포엠빌딩B108,109호",127.0471562,37.52541998
8,신사점,서울시 강남구 도산대로 126  ,02-548-2741,서울특별시 강남구 도산대로 126,127.0223761,37.51709438
9,압구정역점,서울시 강남구 논현로 842 압구정빌딩1층  ,02-544-6823,서울특별시 강남구 논현로 842 압구정빌딩1층,127.0286679,37.52411921
10,역삼점,"서울시 강남구 논현로 512  지상1,2층  ",02-569-8051,"서울특별시 강남구 논현로 512 지상1,2층",127.0364989,37.50252969
11,양재스포타임점,서울시 서초구 강남대로 213 24호 지하1층  ,02-578-6833,서울특별시 서초구 강남대로 213 24호 지하1층,127.0349,37.48287023
12,청담성당점,서울시 강남구 삼성로 716 LEE76빌딩2층  ,02-542-2053,서울특별시 강남구 삼성로 716 LEE76빌딩2층,127.0500092,37.52001544
13,영동점,서울 서초구 반포동 736-17 P빌딩 2층  ,02-3443-2096,서울특별시 서초구 반포동 736-17 P빌딩 2층,127.0226915,37.50699993
14,도곡점,"서울시 강남구 언주로 30길 10,112 현대비젼21 112호  ",02-572-2781,"서울특별시 강남구 언주로 30길 10,112 현대비젼21 112호",127.0512618,37.48739536
15,영동고앞점,"서울시 강남구 선릉로 749 1,2층  ",02-544-3794,"서울특별시 강남구 선릉로 749 1,2층",127.0394391,37.5214108
16,공항터미널앞점,서울시 강남구 테헤란로 87길 17 1층  ,02-539-5174,서울특별시 강남구 테헤란로 87길 17 1층,127.0583429,37.50868435
17,교대점,서울시 서초구 서초중앙로 118  1층  ,02-585-3981,서울특별시 서초구 서초중앙로 118 1층,127.0142209,37.49236536
18,대치한티점,서울시 강남구 선릉로 64길 23 1층  ,02-557-0510,서울특별시 강남구 선릉로 64길 23 1층,127.0541613,37.49827577
19,압구정시티점,"서울시 강남구 도산대로49길 13 1층 17,18호  ",02-543-5922,"서울특별시 강남구 도산대로49길 13 1층 17,18호",127.0369732,37.52371048
20,압구정로데오점,서울시 강남구 선릉로 157길 12 석전빌딩 1~4층  ,02-3445-5093,서울특별시 강남구 선릉로 157길 12 석전빌딩 1~4층,127.0389872,37.5260772
21,서초우성점,서울시 서초구 강남대로 51길 1 511 TOWER  1층  ,02-582-0158,서울특별시 서초구 강남대로 51길 1 511 TOWER 1층,127.0303618,37.49134616
22,논현팍스타워점,서울시 강남구 논현 231-13호 팍스타워지하1층  ,02-513-3870,서울특별시 강남구 논현 231-13호 팍스타워지하1층,127.0365678,37.51001789
23,삼성오크우드점,서울 강남구 영동대로 513 컨벤션별관A동 지하 2층  ,02-3466-8507,서울특별시 강남구 영동대로 513 컨벤션별관A동 지하 2층,127.0585766,37.51021493
24,트레이드타워점,서울시 강남구 영동대로 511 트레이드타워 지하1층  ,02-6002-6470,서울특별시 강남구 영동대로 511 트레이드타워 지하1층,127.0610267,37.51033786
25,삼성봉은사거리점,"서울시 강남구 영동대로 607 1,2층  ",02-3443-5618,"서울특별시 강남구 영동대로 607 1,2층",127.0594787,37.51453977
26,대치포스코뒷점,서울시 강남구 삼성로 85길 11 롯데캐슬아파트생활편익시설동  ,02-3453-8077,서울특별시 강남구 삼성로 85길 11 롯데캐슬아파트생활편익시설동,127.0564747,37.50468731
27,반포엘루체점,서울시 서초구 신반포로 23 1141호 엘루체백화점내1층1013~1015호  ,02-3477-5571,서울특별시 서초구 신반포로 23 1141호 엘루체백화점내1층1013~1015호,126.9872094,37.50172184
28,잠실신천점,서울시 송파구 석촌호수로 118 1층  ,02-416-9520,서울특별시 송파구 석촌호수로 118 1층,127.0899584,37.50744015
29,서초지파이브점,"서울시 서초구 서초동 1685-8호 101~2호,113~4호,121호  ",02-3477-5580,"서울특별시 서초구 서초동 1685-8호 101~2호,113~4호,121호",127.016338,37.51589
30,논현동수면센터점,서울시 강남구 논현로 717 1층  ,02-3443-5575,서울특별시 강남구 논현로 717 1층,127.029544,37.51589
31,삼성전자강남사옥점,서울시 서초구 서초대로74길 11 지하2층  ,02-2055-1142,서울특별시 서초구 서초대로74길 11 지하2층,127.026956,37.496515
32,삼성생명강남사옥점,서울시 서초구 서초대로74길 4 삼성생명보험서초타워내지하1층  ,02-581-5562,서울특별시 서초구 서초대로74길 4 삼성생명보험서초타워내지하1층,127.025764,37.496668
33,방배카페골목점,서울특별시 서초구 방배중앙로 187  ,02-592-7794,서울특별시 서초구 방배중앙로 187,126.985543,37.495656
34,역삼포스틸타워뒷점,서울시 강남구 테헤란로 20길 10 쓰리엠타워1층  ,02-554-9962,서울특별시 강남구 테헤란로 20길 10 쓰리엠타워1층,127.03414,37.499014
35,테헤란로하이닉스뒷점,서울시 강남구 테헤란로 70길 12 1층  ,02-538-9927,서울특별시 강남구 테헤란로 70길 12 1층,127.053091,37.504694
36,방배역점,"서울시 서초구 효령로 117  3,4층  ",02-521-4562,"서울특별시 서초구 효령로 117 3,4층",126.996908,37.481444
37,삼성봉은사로점,서울시 강남구 봉은사로 628 엘슨빌딩1층  ,02-538-4523,서울특별시 강남구 봉은사로 628 엘슨빌딩1층,127.064171,37.514614
38,방이점,서울시 송파구 오금로 11길 7  ,02-415-5561,서울특별시 송파구 오금로 11길 7,127.107963,37.514535
39,매봉역점,서울시 강남구 논현로 38길 42 418호  ,02-529-9947,서울특별시 강남구 논현로 38길 42 418호,127.04504,37.485527
40,남부터미널역점,서울시 서초구 서초중앙로 43 로얄타워1층  ,02-523-3671,서울특별시 서초구 서초중앙로 43 로얄타워1층,127.015547,37.485479
41,강남역랭기지타워점,서울시 강남구 테헤란로4길 28 826-28호 1층  ,02-563-3655,서울특별시 강남구 테헤란로4길 28 826-28호 1층,127.030051,37.496499
42,도심공항타워점,서울시 강남구 테헤란로87길 36 공항타워 1층  ,02-2016-5330,서울특별시 강남구 테헤란로87길 36 공항타워 1층,127.058572,37.510202
43,청담카페점,"서울시 강남구 도산대로 67길 7,파크빌딩 1층  ",02-514-5622,"서울특별시 강남구 도산대로 67길 7,파크빌딩 1층",127.044392,37.524451
44,동부이촌동점,서울시 용산구 이촌로 303 현대아파트상가11동102호  ,02-792-3677,서울특별시 용산구 이촌로 303 현대아파트상가11동102호,127.058572,37.510134
45,광화문점,서울 종로구 서린동 136 센트리얼빌딩 1층  ,02-3210-2326,서울특별시 종로구 서린동 136 센트리얼빌딩 1층,127.044392,37.524451
46,대학로점,서울시 종로구 대학로 10길 5 1-60호  ,02-762-3146,서울특별시 종로구 대학로 10길 5 1-60호,126.980669,37.51851
47,경희궁의아침점,서울시 종로구 새문안로3길 23 경희궁아침상가4단지105외  ,02-730-8896,서울특별시 종로구 새문안로3길 23 경희궁아침상가4단지105외,126.978827,37.569781
48,홍대역점,서울시 마포구 홍익로 6길 26  ,02-333-4278,서울특별시 마포구 홍익로 6길 26,127.002559,37.581837
49,순화점,서울시 중구 순화202  1-94 프레이저플레이스레지던스1층  ,02-2220-8198,서울특별시 중구 순화202 1-94 프레이저플레이스레지던스1층,126.972229,37.572278
50,종로관철동점,"서울시 종로구 청계천로 83 11-4호 지하1,지상1~3층  ",02-738-5333,"서울특별시 종로구 청계천로 83 11-4호 지하1,지상1~3층",126.923241,37.555452
51,소공동삼화빌딩점,서울 중구 남대문로7길 16 한컴빌딩 1층  ,02-753-8004,서울특별시 중구 남대문로7길 16 한컴빌딩 1층,126.970687,37.5625533
52,강변테크노마트점,서울시 광진구 광나루로56길 85 테크노마트9층35호  ,02-3424-5480,서울특별시 광진구 광나루로56길 85 테크노마트9층35호,126.986713,37.5684668
53,외대앞점,서울시 동대문구 이문로 106 1~3층  ,02-959-7750,서울특별시 동대문구 이문로 106 1~3층,126.981236,37.5641503
54,고대안암역점,서울시 성북구 개운사길8 101-3 1층  ,02-953-6652,서울특별시 성북구 개운사길8 101-3 1층,127.095834,37.5356969
55,순화동라마다호텔점,서울시 중구 칠패로 27 151호  ,02-3789-3347,서울특별시 중구 칠패로 27 151호,127.060196,37.5960233
56,왕십리민자역사점,서울시 성동구 왕십리 광장로 17 왕십리민자역사ENTER6내1층  ,02-2200-6120,서울특별시 성동구 왕십리 광장로 17 왕십리민자역사ENTER6내1층,127.029631,37.5868716
57,신촌역앞점,"서울시 서대문구 신촌역로 20  27-27,16,65,61호  ",02-312-5568,"서울특별시 서대문구 신촌역로 20 27-27,16,65,61호",126.972046,37.560157
58,세종문화회관옆점,서울 종로구 새문안로 9길 25 1층  ,02-720-5561,서울특별시 종로구 새문안로 9길 25 1층,127.038416,37.5610558
59,신촌점,서울시 서대문구 창천 18-26호 B1  ,02-363-5572,서울특별시 서대문구 창천 18-26호 B1,126.937281,37.556323
60,건대스타시티점,서울시 광진구 자양동 227-342호 롯데백화점 옆 더클래식500건물 1층  ,02-444-9861,서울특별시 광진구 자양동 227-342호 롯데백화점 옆 더클래식500건물 1층,127.07119,37.5389847
61,하나은행경복궁역점,"서울시 종로구 사직로 130,1 현대적선빌딩1층  ",02-733-5108,"서울특별시 종로구 사직로 130,1 현대적선빌딩1층",126.973229,37.575375
62,중계동은행사거리점,서울시 노원구 한글비석로 263 1층  ,02-931-3055,서울특별시 노원구 한글비석로 263 1층,127.076444,37.6511992
63,서울스퀘어점,서울시 중구 한강대로 416 지하1층  ,02-6456-8907,서울특별시 중구 한강대로 416 지하1층,126.973836,37.5555083
64,목동점,서울시 양천구 목동동로 293 현대41타워1층  ,02-2654-5981,서울특별시 양천구 목동동로 293 현대41타워1층,126.875795,37.5281626
65,여의도34번지점,서울 영등포구 국제금융로 52 심팩빌딩 1층  ,02-783-2043,서울특별시 영등포구 국제금융로 52 심팩빌딩 1층,126.929425,37.5226663
66,여의도교보증권점,서울시 영등포구 의사당대로 97 26-4 교보증권빌딩1층  ,02-783-6058,서울특별시 영등포구 의사당대로 97 26-4 교보증권빌딩1층,126.924448,37.522501
67,시흥홈플러스점,서울시 금천구 시흥대로 201 1층  ,02-803-9994,서울특별시 금천구 시흥대로 201 1층,126.900775,37.4518807
68,여의도순복음교회옆점,서울시 영등포구 여의서로 43 한서리버파크2층  ,02-780-7758,서울특별시 영등포구 여의서로 43 한서리버파크2층,126.924767,37.5307093
69,부산광복동점,부산광역시 중구 창선동 2가 8-2  ,051-243-9105,부산광역시 중구 창선동 2가 8-2,129.029006,35.0994898
70,인천구월동점,"인천광역시 남동구 예술로 138 지상1,2층  ",032-421-3418,"인천광역시 남동구 예술로 138 지상1,2층",126.701008,37.4461989
71,대전탄방동점,대전시 서구 문정로76 1층  ,042-471-9805,대전광역시 서구 문정로76 1층,127.387688,36.346416
72,일산라페스타점,경기도 고양시 일산동구 장항동 764 라페스타C동  ,031-907-2326,경기도 고양시 일산동구 장항동 764 라페스타C동,126.768778,37.661301
73,일산웨스턴돔1호점,경기도 고양시 일산동구 정발산로 24 I동103~203호  ,031-931-5573,경기도 고양시 일산동구 정발산로 24 I동103~203호,126.772617,37.6547584
74,분당서현점,"경기도 성남시 분당구 분당로53번길 11 1층2,3호  ",031-705-8926,"경기도 성남시 분당구 분당로53번길 11 1층2,3호",126.768778,37.661301
75,분당플라자점,경기도 성남시 분당구 황새울로 326 서현빌딩상가내2층  ,031-705-3188,경기도 성남시 분당구 황새울로 326 서현빌딩상가내2층,127.121875,37.385097
76,분당차병원점,"경기도 성남시 분당구 야탑로65번길 16, 분당차병원 신관동 1층 101호(야탑동)  ",031-781-0471,"경기도 성남시 분당구 야탑로65번길 16, 분당차병원 신관동 1층 101호(야탑동)",127.126334,37.4111588
77,분당수내점,경기도 성남시 분당구 황새울로 214번길8 MSPlaza내1층  ,031-713-9937,경기도 성남시 분당구 황새울로 214번길8 MSPlaza내1층,127.11229,37.3781235
78,동탄라마다호텔점,경기도 화성시 노작로 199 동탄라마다호텔107호~111호  ,031-8003-8374,경기도 화성시 노작로 199 동탄라마다호텔107호~111호,127.07466,37.2058304
79,일산킨텍스현대백화점점,경기도 고양시 일산서구 대화동 2602 현대백화점킨텍스점 5F  ,031-822-3575,경기도 고양시 일산서구 대화동 2602 현대백화점킨텍스점 5F,126.751608,37.6679781
80,창원상남동점,경남 창원시 성산구 중앙대로 104 마이우스오피스텔 123호 207호  ,055-211-0737,경상남도 창원시 성산구 중앙대로 104 마이우스오피스텔 123호 207호,128.680798,35.2234787
81,청주점,충북 청주시 상당구 상당로69번길20 2~4층  ,043-221-2373,충청북도 청주시 상당구 상당로69번길20 2~4층,127.489292,36.6345278
82,고대세종캠퍼스점,세종특별자치시 세종로 2511 고대세종캠퍼스호연학사4관1층  ,044-862-5144,세종특별자치시 세종로 2511 고대세종캠퍼스호연학사4관1층,127.286459,36.6108913
83,청주지웰시티점,"충북 청주시 흥덕구 대농로 17 지웰시티몰 1층 124-1,125,126호  ",043-238-3151,"충청북도 청주시 흥덕구 대농로 17 지웰시티몰 1층 124-1,125,126호",127.424639,36.6440566
84,무교CBTL점,서울 중구 세종대로 136 파이낸스빌딩  ,070-4140-7003,서울특별시 중구 세종대로 136 파이낸스빌딩,126.977714,37.5684113
85,국기원사거리점,서울시 강남구 테헤란로 8길 42 1층  ,02-552-7106 ,서울특별시 강남구 테헤란로 8길 42 1층,127.032085,37.4961138
86,무교점,"서울시 중구 태평로1 84호 SFC빌딩B1,1-4  ",02-753-2374,"서울특별시 중구 태평로1 84호 SFC빌딩B1,1-4",128.659595,35.1464372
87,남대문점,서울시 중구 후암로110 581호 서울시티타워1층  ,02-777-4217,서울특별시 중구 후암로110 581호 서울시티타워1층,126.973995,37.5542289
88,올림픽플라자점,서울시 송파구 양재대로 1222 올림픽선수A 1층212~3호  ,02-402-3571,서울특별시 송파구 양재대로 1222 올림픽선수A 1층212~3호,127.132198,37.5158133
89,대학로마로니에점,"서울시 종로구 대학로 12길 62 지하1층,지상1,2층  ",02-742-3318,"서울특별시 종로구 대학로 12길 62 지하1층,지상1,2층",126.973995,37.5542289
90,여의도역점,서울시 영등포구 의사당대로 108 아일렉스상가 1층 101호  ,02-784-5531,서울특별시 영등포구 의사당대로 108 아일렉스상가 1층 101호,127.132198,37.5158133
91,인사점,서울시 종로구 낙원동 272 오라카이스위츠 1층  ,02-6262-8100,서울특별시 종로구 낙원동 272 오라카이스위츠 1층,127.003703,37.5813879
92,테헤란로비젼타워점,서울시 강남구 테헤란로 312 707-2번지1층  ,02-558-7101,서울특별시 강남구 테헤란로 312 707-2번지1층,126.923952,37.5204645
93,서울대입구역점,"서울시 관악구 관악로 161 층일부 2,3층  ",02-882-3101,"서울특별시 관악구 관악로 161 층일부 2,3층",126.987312,37.5729809
94,코엑스인터점,서울시 강남구 봉은사로 524 코엑스 인터컨티넨탈아케이드  ,02-569-3103,서울특별시 강남구 봉은사로 524 코엑스 인터컨티넨탈아케이드,127.058796,37.512502
95,뉴압구정점,서울시 강남구 논현로 167길 9 낙산프라자 1층  ,02-545-3181,서울특별시 강남구 논현로 167길 9 낙산프라자 1층,127.027436,37.5244333
96,디큐브시티점,서울시 구로구 경인로 662 디큐브시티 4층  ,02-2210-9484,서울특별시 구로구 경인로 662 디큐브시티 4층,126.889592,37.5089852
97,삼청동점,서울시 종로구 삼청로 109  ,02-730-5177,서울특별시 종로구 삼청로 109,126.981671,37.5851254
98,충무로극동빌딩점,서울시 중구 퇴계로 173 남산스퀘어 1층  ,02-2273-3181,서울특별시 중구 퇴계로 173 남산스퀘어 1층,126.991094,37.5616288
99,현대자동차여의도점,서울시 영등포구 국제금융로 20 1층  ,02-783-3391,서울특별시 영등포구 국제금융로 20 1층,126.927251,37.5248274
100,포스코사거리점,서울시 강남구 테헤란로 439  ,02-508-7522 ,서울특별시 강남구 테헤란로 439,127.055161,37.5068275
101,선릉로93길점,서울시 강남구 선릉로93길 6(역삼동) 1층  ,02-552-3177,서울특별시 강남구 선릉로93길 6(역삼동) 1층,127.0479,37.5056502
102,강남역먹자골목점,서울시 강남구 테헤란로1길 29 1층일부 및 2.3층  ,02-552-6311,서울특별시 강남구 테헤란로1길 29 1층일부 및 2.3층,127.027291,37.5001244
103,삼성로점,"서울시 강남구 삼성로 551 1층,2층  ",02-552-9311 ,"서울특별시 강남구 삼성로 551 1층,2층",127.054135,37.5107202
104,선릉로86길점,서울시 강남구 선릉로86길 11  ,02-2051-8875,서울특별시 강남구 선릉로86길 11,127.050511,37.5033516
105,안국역점,"서울시 종로구 율곡로 47 1,2층  ",02-722-3356 ,"서울특별시 종로구 율곡로 47 1,2층",126.984527,37.5763052
106,뉴교보타워옆점,"서울시 서초구 강남대로 449-3 알고코리아빌딩 1,2층  ",02-591-5177,"서울특별시 서초구 강남대로 449-3 알고코리아빌딩 1,2층",127.024861,37.5023504
107,IFC MALL2호점,서울시 영등포구 국제금융로10 IFC B2층  ,02-6137-5054  ,서울특별시 영등포구 국제금융로10 IFC B2층,126.925282,37.5249613
108,상암SBS미디어센터점,서울시 마포구 상암산로 82 SBS프리즘타워 1층  ,02-2039-9027 ,서울특별시 마포구 상암산로 82 SBS프리즘타워 1층,126.89277,37.5796802
109,마리오아울렛점,서울시 금천구 디지털로9길 23 마리오-2관 패션타워3층  ,02-857-5501  ,서울특별시 금천구 디지털로9길 23 마리오-2관 패션타워3층,126.8868294,37.47884156
110,삼성금융플라자점,서울 강남구 테헤란로 419 삼성금융플라자1층  ,02-554-7591,서울특별시 강남구 테헤란로 419 삼성금융플라자1층,127.0521902,37.50575285
111,현대자동차남양연구소점,경기도 화성시 장덕동 현대연구소로150 현대자동차남양연구소 설계1동1F  ,031-357-8103 ,경기도 화성시 장덕동 현대연구소로150 현대자동차남양연구소 설계1동1F,126.8193242,37.15937388
112,이태원점,서울시 용산구 이태원로 189   ,02-794-3361,서울특별시 용산구 이태원로 189,126.9948986,37.53497654
113,뉴가로수길점,서울시 강남구 가로수길 83  ,02-544-7105,서울특별시 강남구 가로수길 83,127.0223751,37.52349248
114,서초뱅뱅사거리점,"서울시 서초구 강남대로 267 2,3층  ",02-523-8841 ,"서울특별시 서초구 강남대로 267 2,3층",127.0323206,37.48728793
115,현대자동차성내점,"서울시 강동구 천호대로 1096 1,2F  ",02-485-3361 ,"서울특별시 강동구 천호대로 1096 1,2F",127.1331372,37.53538886
116,수원인계점,경기도 수원시 팔달구 권광로 195 학산빌딩1층   ,031-233-5631,경기도 수원시 팔달구 권광로 195 학산빌딩1층,127.0325627,37.26512981
117,판교아브뉴프랑점,경기도 성남시 분당구 동판교로177번길 25  ,031-8016-8131,경기도 성남시 분당구 동판교로177번길 25,127.1132782,37.39651881
118,일산원마운트점,경기도 고양시 일산서구 한류월드로 300 원마운트스포츠몰 1층  ,031-961-6520,경기도 고양시 일산서구 한류월드로 300 원마운트스포츠몰 1층,126.755236,37.66571964
119,남양연구소C1식당점,경기 화성시 장덕동 현대연구소로150 현대자동차남양연구소 C1구역식당1F  ,031-357-8172,경기도 화성시 장덕동 현대연구소로150 현대자동차남양연구소 C1구역식당1F,126.8136814,37.15939504
120,여의도교보증권카페점,서울시 영등포구 의사당대로 97 교보증권빌딩 2층  ,02-785-8845,서울특별시 영등포구 의사당대로 97 교보증권빌딩 2층,126.9246309,37.52253697
121,상봉엔터식스점,서울시 중랑구 망우로 353 프레미어스엠코 엔터식스 B동 2층  ,02-437-8891,서울특별시 중랑구 망우로 353 프레미어스엠코 엔터식스 B동 2층,127.0914388,37.59869835
122,목동트라팰리스점,서울시 양천구 오목로 299 트라팰리스 이스턴에비뉴 1층  ,02-2643-7725,서울특별시 양천구 오목로 299 트라팰리스 이스턴에비뉴 1층,126.8712971,37.52562063
123,압구정현대아파트점,서울시 강남구 압구정로29길65 지하1층  ,02-518-3350,서울특별시 강남구 압구정로29길65 지하1층,127.0270498,37.53181395
124,역삼역4번출구점,서울시 강남구 테헤란로143 고운빌딩1층  ,02-508-1137,서울특별시 강남구 테헤란로143 고운빌딩1층,127.034789,37.5004469
125,시청역7번출구점,서울시 중구 세종대로84 2층  ,02-754-8852,서울특별시 중구 세종대로84 2층,127.026997,37.5317225
126,부평문화의거리점,"인천광역시 부평구 시장로29 1,2층  ",032-507-9901,"인천광역시 부평구 시장로29 1,2층",127.034789,37.563645
127,강남대로센터점,서울시 강남구 강남대로442 흥국화재빌딩 2층   ,02-565-3345,서울특별시 강남구 강남대로442 흥국화재빌딩 2층,126.977161,37.563645
128,구로G-ValleyMall,서울시 구로구 디지털로300 지밸리비즈플라자 2층  ,02-6344-3966,서울특별시 구로구 디지털로300 지밸리비즈플라자 2층,126.725616,37.4936426
129,내방역7번출구유중아트점,서울시 서초구 방배로178 유중아트센터1층  ,02-592-8861,서울특별시 서초구 방배로178 유중아트센터1층,127.026195,37.5020438
130,오리역애플플라자점,경기도 성남시 분당구 탄천상로151번길20 월드쇼핑 B동 1층  ,031-715-5638,경기도 성남시 분당구 탄천상로151번길20 월드쇼핑 B동 1층,126.89648,37.4849439
131,도심공항점,서울시 강남구 테헤란로87길22 도심공항터미널 지하1층  ,02-551-6456 ,서울특별시 강남구 테헤란로87길22 도심공항터미널 지하1층,126.9928,37.4896213
132,타임스퀘어점,서울시 영등포구 영중로15 타임스퀘어 1층  ,02-2635-8830,서울특별시 영등포구 영중로15 타임스퀘어 1층,127.106953,37.3400332
133,차병원사거리점,서울시 강남구 봉은사로207 KJ타워1층  ,02-542-8813,서울특별시 강남구 봉은사로207 KJ타워1층,127.059258,37.5095736
134,CBTL(커피빈)파르나스몰점,서울시 강남구 테헤란로521 파르나스몰 지하1층  ,02-538-2008 ,서울특별시 강남구 테헤란로521 파르나스몰 지하1층,126.903324,37.5170614
135,광화문역1번출구점,서울시 종로구 새문안로5가길 7 1층 일부  ,02-723-3360,서울특별시 종로구 새문안로5가길 7 1층 일부,127.034657,37.5078261
136,남양연구소PT동점,경기도 화성시 장덕동 현대연구소로150 현대자동차남양연구소 PT동 1층  ,031-355-1346,경기도 화성시 장덕동 현대연구소로150 현대자동차남양연구소 PT동 1층,127.060875,37.5090322
137,현대프리미엄아울렛김포점,경기 김포시 고촌읍 전호리 654번지 현대프리미엄아울렛김포3층 618호  ,031-8048-2618,경기도 김포시 고촌읍 전호리 654번지 현대프리미엄아울렛김포3층 618호,126.974022,37.5727443
138,여의도신영증권별관점,서울시 영등포구 국제금융로8길6 신영증권별관빌딩2층  ,02-782-1125,서울특별시 영등포구 국제금융로8길6 신영증권별관빌딩2층,126.820579,37.1549771
139,이태원제일기획옆점,서울시 용산구 이태원로220(한남동) 1층  ,02-792-3560,서울특별시 용산구 이태원로220(한남동) 1층,126.929709,37.5217385
140,강남역GT타워옆점,서울시 서초구 서초대로73길12 세계빌딩1층   ,02-592-0053,서울특별시 서초구 서초대로73길12 세계빌딩1층,126.998441,37.5348246
141,광교아브뉴프랑점,"경기도 수원시 영통구 이의동 1332 광교아브뉴프랑 1층 A122,123호   ",031-216-9308,"경기도 수원시 영통구 이의동 1332 광교아브뉴프랑 1층 A122,123호",127.025832,37.498575
142,광장동대한제지점,서울시 광진구 아차산로563(광장동) 대한제지빌딩 로비층  ,02-458-8166,서울특별시 광진구 아차산로563(광장동) 대한제지빌딩 로비층,127.050452,37.2915497
143,신천역점,서울시 송파구 올림픽로100 효창타워1층  ,02-417-8851,서울특별시 송파구 올림픽로100 효창타워1층,127.102917,37.5439802
144,포항영일대점,경상북도 포항시 북구 삼호로265번길1 NB-City복합시설1층104호  ,054-241-3372,경상북도 포항시 북구 삼호로265번길1 NB-City복합시설1층104호,127.081677,37.5114616
145,낙성대역점,"서울시 관악구 남부순환로1909 1,2층  ",02-875-3364,"서울특별시 관악구 남부순환로1909 1,2층",129.379649,36.0615161
146,진주LH본사점,경상남도 진주시 충의로 19 LH진주사옥 홍보관1층  ,055-763-3520,경상남도 진주시 충의로 19 LH진주사옥 홍보관1층,126.961474,37.4781631
147,인천공항탑승동130gate앞점,인천광역시 중구 공항로272 인천국제공항탑승동3층 FB-C5-57  ,032-743-7213 ,인천광역시 중구 공항로272 인천국제공항탑승동3층 FB-C5-57,128.145844,35.1779583
148,인천공항탑승동105gate앞점,인천광역시 중구 공항로272 인천국제공항탑승동3층 FB-C5-68  ,032-743-7223,인천광역시 중구 공항로272 인천국제공항탑승동3층 FB-C5-68,126.440877,37.4795073
149,경주미탐시티점,경상북도 경주시 엑스포로80(천군동)1층  ,054-777-5982,경상북도 경주시 엑스포로80(천군동)1층,126.440877,37.4795073
150,석촌호수점,서울시 송파구 석촌호수로 222 제이타워 1층  ,02-415-1235,서울특별시 송파구 석촌호수로 222 제이타워 1층,129.289735,35.8346087
151,오목교역사거리점,"서울시 양천구 오목로 350 목동썬텍씨티빌딩 1층,2층  ",02-2653-8577 ,"서울특별시 양천구 오목로 350 목동썬텍씨티빌딩 1층,2층",127.101589,37.5069774
152,을지로입구역점,"서울시 중구 남대문로10길 6 1,2층   ",02-752-3348,"서울특별시 중구 남대문로10길 6 1,2층",126.876255,37.5241357
153,이천하이닉스점,경기 이천시 부발읍 하이닉스반도체  ,031-8094-7013,경기도 이천시 부발읍 하이닉스반도체,126.983222,37.56704398
154,송도홈플러스점,인천광역시 연수구 송도국제대로 165(송도동) 홈플러스송도점1층  ,032-822-5905,인천광역시 연수구 송도국제대로 165(송도동) 홈플러스송도점1층,126.656402,37.3801051
155,올림픽공원북2문앞점,서울시 강동구 강동대로193 1층  ,02-471-2372,서울특별시 강동구 강동대로193 1층,127.128005,37.5245665
156,고대참살이길점,"서울시 성북구 인촌로24길 25 (안암동5가) 2층,3층  ",02-923-7735,"서울특별시 성북구 인촌로24길 25 (안암동5가) 2층,3층",127.029528,37.5850336
157,예술의전당앞점,"서울특별시 서초구 반포대로4(서초동) 2층, 3층  ",02-583-8856,"서울특별시 서초구 반포대로4(서초동) 2층, 3층",127.013152,37.4812326
158,삼성역글라스타워뒷점,서울시 강남구 영동대로85길 9 (대치동) 서전빌딩1층  ,02-552-3363,서울특별시 강남구 영동대로85길 9 (대치동) 서전빌딩1층,127.062886,37.507076
159,범계역로데오점,경기도 안양시 동안구 평촌대로 223번길 41(호계동 1045-9) 2층  ,031-476-9082,경기도 안양시 동안구 평촌대로 223번길 41(호계동 1045-9) 2층,126.953503,37.3904738
160,포스코옆삼성로86길점,서울특별시 강남구 삼성로86길 11 거봉빌딩 1층  ,02-569-7501,서울특별시 강남구 삼성로86길 11 거봉빌딩 1층,127.058282,37.5058799
161,상암한국지역정보개발원점,서울시 마포구 성암로301 KLID한국지역정보개발원 1층  ,02-376-9162,서울특별시 마포구 성암로301 KLID한국지역정보개발원 1층,126.887988,37.5825408
162,판교알파돔시티점,경기도 성남시 분당구 판교역로145(백현동) 판교알파돔 C2-3블럭 1층  ,031-8017-8556,경기도 성남시 분당구 판교역로145(백현동) 판교알파돔 C2-3블럭 1층,127.108316,37.3944897
163,대치동나무병원점,서울특별시 강남구 영동대로 225 나무병원1층 (대치동994-5)  ,02-562-9605,서울특별시 강남구 영동대로 225 나무병원1층 (대치동994-5),127.067788,37.4993067
164,분당정자점,경기도 성남시 분당구 정자일로 227(정자동) 백궁지엔느주차전용빌딩 1층  ,031-786-1906,경기도 성남시 분당구 정자일로 227(정자동) 백궁지엔느주차전용빌딩 1층,127.105573,37.3706962
165,신논현역점,서울특별시 강남구 봉은사로108 글라스톤빌딩1층  ,02-569-9061,서울특별시 강남구 봉은사로108 글라스톤빌딩1층,127.025551,37.5045307
166,강서그랜드아이파크점,서울시 강서구 화곡6동 1095번지 1층  ,02-2699-7462,서울특별시 강서구 화곡6동 1095번지 1층,126.851272,37.5548214
167,상암DDMC점,서울시 마포구 상암동 1610번지 DDMC 지하 1층  ,02-375-0994,서울특별시 마포구 상암동 1610번지 DDMC 지하 1층,126.892885,37.5784369
168,연대동문회관점,"서울시 서대문구 대신동 50-5 1층,2층(B동)  ",02-362-8301,"서울특별시 서대문구 대신동 50-5 1층,2층(B동)",126.943308,37.5630205
169,평촌점,"경기도 안양시 동안구 시민대로327번길 6, W 에이스타워 1층  ",031-426-9065,"경기도 안양시 동안구 시민대로327번길 6, W 에이스타워 1층",126.8928659,37.5782424
170,마두역점,경기도 고양시 일산동구 중앙로 1193 마두법조빌딩 1층  ,031-932-7018,경기도 고양시 일산동구 중앙로 1193 마두법조빌딩 1층,126.9432697,37.5629548
171,수원역점,"경기도 수원시 팔달구 매산로 11,  2층  ",031-248-9593,"경기도 수원시 팔달구 매산로 11, 2층",126.967005,37.396648
172,부천역점,경기도 부천시 부천로4 2층  ,032-668-7890,경기도 부천시 부천로4 2층,126.7765701,37.6530762
173,장안점,"서울시 동대문구 장안동 372-1, 1층 일부 및 2층 전체  ",02-2249-9826,"서울특별시 동대문구 장안동 372-1, 1층 일부 및 2층 전체",127.0027248,37.2674137
174,서초역1번출구점,서울시 서초구 서초대로 250 스타갤러리 브릿지 1층 101호  ,02-598-7741,서울특별시 서초구 서초대로 250 스타갤러리 브릿지 1층 101호,127.009162,37.4919729
175,수원망포역점,경기도 수원시 영통구 영통로 214번길 8 1층  ,031-273-8751,경기도 수원시 영통구 영통로 214번길 8 1층,127.057557,37.2462155
176,대치사거리점,서울시 강남구 삼성로 352 창진빌딩 1층 및 2층  ,02-569-9751,서울특별시 강남구 삼성로 352 창진빌딩 1층 및 2층,127.059094,37.5030054
177,매헌역점,서울시 서초구 동산로 1  1층  ,02-2058-0921,서울특별시 서초구 동산로 1 1층,127.040122,37.4689912
178,문래동점,서울시 영등포구 문래동6가 5번지 1층  ,02-2069-3157,서울특별시 영등포구 문래동6가 5번지 1층,126.889033,37.5196345
179,해운대점,부산시 해운대구 해운대 해변로277 다옴빌딩1층  ,051-746-8214,부산광역시 해운대구 해운대 해변로277 다옴빌딩1층,129.1615783,35.15992147
180,역삼동태광타워점,서울시 강남구 역삼동 718-20  태광타워 1층  ,02-569-9867,서울특별시 강남구 역삼동 718-20 태광타워 1층,127.039867,37.501049
181,수지동천점,경기 용인시 수지구 손곡로 95 송란빌딩 1층  ,031-896-9044,경기도 용인시 수지구 손곡로 95 송란빌딩 1층,127.09204,37.3359459
182,파주운정홈플러스점,경기도 파주시 청암로 17번길 17 1층  ,031-949-1408,경기도 파주시 청암로 17번길 17 1층,126.736734,37.7295179
183,잠원논현역점,서울시 서초구 신반포로47길 5 건물전체 1~3층  ,02-541-7404,서울특별시 서초구 신반포로47길 5 건물전체 1~3층,127.019446,37.5109559
184,천호역점,서울시 강동구 올림픽로 659 쌍용플래티넘리버 1층  ,02-488-5912,서울특별시 강동구 올림픽로 659 쌍용플래티넘리버 1층,127.123483,37.5402937
185,강남대점,경기도 용인시 기흥구 강남로 3 강남앤플러스 1층  ,031-693-6312,경기도 용인시 기흥구 강남로 3 강남앤플러스 1층,127.123483,37.5402937
186,홍대역8번출구점,서울시 마포구 양화로18안길 7 2층  ,02-338-9463,서울특별시 마포구 양화로18안길 7 2층,127.126124,37.2710858
187,산본역점,경기도 군포시 광정로58 1층 104호 및 2층  ,031-399-8812,경기도 군포시 광정로58 1층 104호 및 2층,127.126124,37.2710858
188,부천상동점,경기도 부천시 길주로 111 센타플라자 1층  ,032-329-9471,경기도 부천시 길주로 111 센타플라자 1층,126.925148,37.5568654
189,안양1번가점,경기도 안양시 만안구 안양로304번길 12 세진빌딩 2층  ,031-468-9096,경기도 안양시 만안구 안양로304번길 12 세진빌딩 2층,126.754851,37.5063031
190,원주AK플라자점,강원도 원주시 봉화로1 AK플라자원주점 1층  ,033-748-0631,강원도 원주시 봉화로1 AK플라자원주점 1층,126.921886,37.399521
191,송파파크하비오B1점,"서울특별시 송파구 송파대로 111, 송파 파크하비오 하비오길 극장로 203동 지하1층  ",02-449-6797,"서울특별시 송파구 송파대로 111, 송파 파크하비오 하비오길 극장로 203동 지하1층",127.927545,37.3457082
192,화정중앙공원점,경기도 고양시 덕양구 화신로260번길 26 동민프라자 1층 103~107호  ,031-979-9402,경기도 고양시 덕양구 화신로260번길 26 동민프라자 1층 103~107호,127.123645,37.4805933
193,강남역12번출구점,서울특별시 강남구 테헤란로 111 2층  ,02-569-5838,서울특별시 강남구 테헤란로 111 2층,126.832991,37.6317139
194,서초부띠크모나코점,서울특별시 서초구 서초대로 397 부띠크모나코 1층  ,02-537-4662,서울특별시 서초구 서초대로 397 부띠크모나코 1층,127.029247,37.4988806
195,송파파크하비오점,서울특별시 송파구 송파대로 111 송파파크하비오 205동 1층 110-113  ,02-449-6881,서울특별시 송파구 송파대로 111 송파파크하비오 205동 1층 110-113,127.024509,37.497485
196,문정역엠스테이트점,서울 송파구 문정동 643-1번지 엠스테이트 B동 지하1층  ,02-6177-9080,서울특별시 송파구 문정동 643-1번지 엠스테이트 B동 지하1층,127.123645,37.4805933
197,상봉역점,서울특별시 중랑구 망우로 291 1층  ,02-493-8902,서울특별시 중랑구 망우로 291 1층,127.121019,37.4855155
198,강동경희대병원앞점,서울특별시 강동구 동남로 885 양지빌딩 1층  ,02-481-9938,서울특별시 강동구 동남로 885 양지빌딩 1층,127.084769,37.596432
199,노원역점,"서울시 노원구 노해로 490, 길빌딩 2층  ",02-952-9577,"서울특별시 노원구 노해로 490, 길빌딩 2층",127.15588,37.5526444
200,합정역점,"서울시 마포구 독막로 13, 2층  ",02-338-9178,"서울특별시 마포구 독막로 13, 2층",127.0624136,37.65441321
201,종각역점,서울시 종로구 종로 70 2층  ,02-739-6268,서울특별시 종로구 종로 70 2층,126.9150651,37.54881276
202,평택소사점,"경기도 평택시 평남로 862, 로이드빌딩 1층  ",031-692-2405,"경기도 평택시 평남로 862, 로이드빌딩 1층",126.9851718,37.56991532
203,몽촌토성역점,"서울시 송파구 방이동 44-2, 장은빌딩 1층  ",02-2141-0407,"서울특별시 송파구 방이동 44-2, 장은빌딩 1층",127.1115018,37.00046893
204,도곡동지오빌딩점,"서울특별시 강남구 도곡동 543-1, 지오빌딩 B1층  ",02-2058-3027,"서울특별시 강남구 도곡동 543-1, 지오빌딩 B1층",127.1127569,37.51692188
205,강북구청앞점,"서울특별시 강북구 한천로 139길 25, 1층 일부 및 2층 (수유동 191-70)  ",02-994-8878,"서울특별시 강북구 한천로 139길 25, 1층 일부 및 2층 (수유동 191-70)",127.0416509,37.4922289
206,송도트리플스트리트점," 인천 연수구 송도과학로 16번길 33-4 D동 119호,207호  ",032-310-9644,"인천광역시 연수구 송도과학로 16번길 33-4 D동 119호,207호",127.025725,37.63909561
207,구의삼성쉐르빌점,서울특별시 광진구 구의강변로 106 삼성쉐르빌 1층  ,02-2201-8953,서울특별시 광진구 구의강변로 106 삼성쉐르빌 1층,126.6628418,37.37866084
208,여의도SK증권빌딩점,서울특별시 영등포구 국제금융로8길31 여의도SK증권빌딩점 1층  ,02-6484-5150,서울특별시 영등포구 국제금융로8길31 여의도SK증권빌딩점 1층,127.0948977,37.5398582
209,현대시티몰가든파이브점,서울특별시 송파구 충민로 66 가든파이브 라이프동 테크노관 1층  ,02-2673-2110,서울특별시 송파구 충민로 66 가든파이브 라이프동 테크노관 1층,126.928067,37.51974753
210,합정푸르지오점,"서울특별시 마포구 월드컵로 3길14, 푸르지오2차 227,.228.229호  ",02-338-7684,"서울특별시 마포구 월드컵로 3길14, 푸르지오2차 227,.228.229호",127.1249619,37.47761492
211,신논현역2번출구점,서울시 서초구 강남대로 475 2층  ,02-541-9650,서울특별시 서초구 강남대로 475 2층,126.9123431,37.55103548
212,위례2차아이파크점,서울시 송파구 위례광장로 230 위례2차 아이파크 B동 1층  ,02-449-9703,서울특별시 송파구 위례광장로 230 위례2차 아이파크 B동 1층,127.0238596,37.50472601
213,혜화역1번출구점,서울특별시 종로구 대학로 128 2층  ,02-766-7937,서울특별시 종로구 대학로 128 2층,127.1434018,37.47942968
214,한성대입구역점,서울특별시 성북구 삼선교로 12 1층  ,02-766-7951,서울특별시 성북구 삼선교로 12 1층,127.0021626,37.5827143
215,한티역디마크빌딩점,서울특별시 강남구 도곡로 408 디마크빌딩 1층  ,02-2052-6590,서울특별시 강남구 도곡로 408 디마크빌딩 1층,127.055245,37.4966731
216,논현201-5번지점,"서울특별시 강남구  강남대로112길 20 1층, 2층  ",02-541-9563,"서울특별시 강남구 강남대로112길 20 1층, 2층",127.026049,37.5055036
217,부산수영역점,부산광역시 수영구 수영로 667 1층  ,051-759-9046,부산광역시 수영구 수영로 667 1층,129.114481,35.1653365
218,수원송죽DT점,경기도 수원시 장안구 경수대로 989  ,031-248-6086,경기도 수원시 장안구 경수대로 989,127.002872,37.3050393
219,동교동삼거리점,서울특별시 마포구 양화로 196(동교동)  ,02-336-9198 ,서울특별시 마포구 양화로 196(동교동),126.926493,37.5583349
220,성남신흥점,경기도 성남시 수정구 수정로 190 (신흥동)  ,031-759-6675,경기도 성남시 수정구 수정로 190 (신흥동),127.140953,37.4433986
221,응암동점 ,"서울시 은평구 은평로 121(응암동), 메디컬빌딩  ",02-389-6283,"서울특별시 은평구 은평로 121(응암동), 메디컬빌딩",126.921072,37.6004345
222,서수원이마트점,"경기도 수원시 권선구 수인로 291(구운동), 이마트 서수원점 1층  ",031-278-6593,"경기도 수원시 권선구 수인로 291(구운동), 이마트 서수원점 1층",126.970486,37.2823743
223,양천향교역점,서울특별시 강서구 강서로 457(마곡동)  ,02-3665-9506,서울특별시 강서구 강서로 457(마곡동),126.840405,37.5662227
224,성균관대 자연과학캠퍼스점,"경기 수원시 장안구 서부로 2066, 성균관대 자연과학 캠퍼스 N센터 1층  ",031-278-7640,"경기도 수원시 장안구 서부로 2066, 성균관대 자연과학 캠퍼스 N센터 1층",126.974304,37.2936923
225,마곡마커스빌딩점 ,서울특별시 강서구 마곡동로 55 마커스빌딩 1층  ,02-6905-3030,서울특별시 강서구 마곡동로 55 마커스빌딩 1층,126.833005,37.5600406
226,방이역4번출구점,서울 송파구 방이동 206-11  ,02-420-0386,서울특별시 송파구 방이동 206-11,127.125773,37.509342
227,IFC MALL 3호점,서울시 영등포구 국제금융로10 IFC Mall L2(2층)  ,02-6137-5056,서울특별시 영등포구 국제금융로10 IFC Mall L2(2층),126.925282,37.5249613
228,동탄능동DT점,"경기도 화성시 능동 453-4,453-8,454-1 소재 건물(1~3층)  ",031-267-4182,"경기도 화성시 능동 453-4,453-8,454-1 소재 건물(1~3층)",127.056415,37.2110303
229,수원인계DT점,경기도 수원시 팔달구 인계로79 (인계동)  ,031-898-8818,경기도 수원시 팔달구 인계로79 (인계동),127.026457,37.2688692
230,인천공항 제2여객터미널 입구점,인천광역시 중구 운서동 2868 인천공항 제2터미널 1층 연번(23-124)  ,032-743-2894,인천광역시 중구 운서동 2868 인천공항 제2터미널 1층 연번(23-124),126.432186,37.4702126
231,부산서면서전로점,"부산광역시 부산진구 서전로 12, 1층  ",051-819-8708,"부산광역시 부산진구 서전로 12, 1층",129.060885,35.1575367
232,분당차병원본관앞점,경기도 성남시 분당구 야탑로64 DS타워 1층  ,031-8017-8243,경기도 성남시 분당구 야탑로64 DS타워 1층,127.125359,37.4093758
233,신용산역래미안점,서울시 용산구 한강대로95  ,02-2074-1049,서울특별시 용산구 한강대로95,126.966628,37.5288009
234,선릉역3번출구세방빌딩점,서울특별시 강남구 선릉로 433 세방빌딩 1층  ,02-2051-9328,서울특별시 강남구 선릉로 433 세방빌딩 1층,127.048995,37.5037757
235,광명아브뉴프랑점,경기도 광명시 양지로16 아브뉴프랑 지하 2층 (주)커피빈코리아 광명아브뉴프랑점  ,02-899-7460,경기도 광명시 양지로16 아브뉴프랑 지하 2층 (주)커피빈코리아 광명아브뉴프랑점,126.880692,37.417173
236,새문안로점,"서울특별시 종로구 새문안로 91 고려빌딩 1,2층   ",02-739-5806,"서울특별시 종로구 새문안로 91 고려빌딩 1,2층",126.974736,37.570474
237,문정동환인제약빌딩점,서울특별시 송파구 법원로6길 11 환인빌딩 1층   ,02-449-9569,서울특별시 송파구 법원로6길 11 환인빌딩 1층,127.122237,37.4836492
238,경희대점,서울시 동대문구 경희대로 10 (회기동)  ,02-3295-4552,서울특별시 동대문구 경희대로 10 (회기동),127.052653,37.5923779
239,파주DT점,경기도 파주시 문발로 131  ,031-8070-0028,경기도 파주시 문발로 131,126.686126,37.7062837
240,창원시티세븐점,경남 창원시 의창구 원이대로 320 더시티세븐 1F Skycone 105호  ,055-600-5361,경상남도 창원시 의창구 원이대로 320 더시티세븐 1F Skycone 105호,128.653254,35.240332
241,종로구청앞점,서울특별시 종로구 종로3길 34  ,02-739-6151,서울특별시 종로구 종로3길 34,126.979468,37.5718534
242,상수역점,"서울시 마포구 와우산로10길 3, 엘케이빌딩 1~3층  ",02-325-6804,"서울특별시 마포구 와우산로10길 3, 엘케이빌딩 1~3층",126.923177,37.5481065
243,안양시청앞점,"경기도 안양시 동안구 시민대로 260, 1층 104,105호  ",031-5177-4770,"경기도 안양시 동안구 시민대로 260, 1층 104,105호",126.959441,37.3935214
244,하남신세계백화점 B1점,"경기도 하남시 미사대로 750, 신세계백화점 지하1층 식품관  ",031-8072-1641,"경기도 하남시 미사대로 750, 신세계백화점 지하1층 식품관",127.223737,37.5454092
245,종로센트로폴리스점,"서울시 종로구 우정국로 26 센트로폴리스 1층 Retail 1-5,6  ",02-6370-5845,"서울특별시 종로구 우정국로 26 센트로폴리스 1층 Retail 1-5,6",126.983282,37.5717099
246,잠실향군타워점, 서울특별시 송파구 올림픽로35길 123 1층  ,02-412-8812,서울특별시 송파구 올림픽로35길 123 1층,127.101251,37.5166093
247,부산서면점,부산 부산진구 서면로 62-1 에이스메디컬타워 1F  ,051-802-4282,부산 부산진구 서면로 62-1 에이스메디컬타워 1F,129.058067,35.1563139
248,영종도운서역점,"인천시 중구 신도시남로 142번길 6 (메가스타 영종 139,140,141호)  ",032-746-9822,"인천시 중구 신도시남로 142번길 6 (메가스타 영종 139,140,141호)",126.491556,37.4933959
249,동대입구역점,"서울시 중구 장충동2가 188-11, 188-4, 188-5  ",02-2264-8247,"서울특별시 중구 장충동2가 188-11, 188-4, 188-5",127.005197,37.5597281
250,해운대센텀호텔점,부산 해운대구 센텀3로 20 해운대센텀호텔 1F 101호  ,051-743-5088,부산 해운대구 센텀3로 20 해운대센텀호텔 1F 101호,129.132927,35.1678248
251,교대법원점,"서울 서초구 서초중앙로 156, 1층  ",02- 3664-7716  ,"서울특별시 서초구 서초중앙로 156, 1층",127.013505,37.4956126
252,부천북부역사거리점,경기도 부천시 부천로25  ,032-655-8954,경기도 부천시 부천로25,126.782651,37.4866891
253,부산남포역점,부산 중구 해관로 1 희남빌딩 1층  ,051-246-6284,부산 중구 해관로 1 희남빌딩 1층,129.035672,35.0989906
254,광주상무역점,"광주 서구 상무중앙로 9, 동양빌딩 1F  ",062-385-8371,"광주광역시 서구 상무중앙로 9, 동양빌딩 1F",126.847868,35.1477091
255,김포장기DT점,경기도 김포시 태장로 819  ,031-987-0409,경기도 김포시 태장로 819,126.677653,37.6363544
256,서초동점,서울특별시 서초구 반포대로70  ,02-3665-9507,서울특별시 서초구 반포대로70,127.010519,37.486693
257,남양주화도DT점,경기도 남양주시 경춘로 1641  ,031-591-2406,경기도 남양주시 경춘로 1641,127.273526,37.6540356
258,선정릉역점,서울시 강남구 봉은사로 331 SH빌딩점 B1-1층  ,02-2058-3028,서울특별시 강남구 봉은사로 331 SH빌딩점 B1-1층,127.042949,37.5102742
259,화곡역점,서울시 강서구 강서로 162  ,02-766-7952,서울특별시 강서구 강서로 162,126.841047,37.5413382
260,부천스타필드시티점,경기도 부천시 옥길동 768 부천스타필드시티점 4층  ,02-6386-1423,경기도 부천시 옥길동 768 부천스타필드시티점 4층,126.813898,37.4614606
261,송도푸르지오월드마크점,"인천시 연수구 컨벤시아대로 60, 1층  ",032-851-6269,"인천시 연수구 컨벤시아대로 60, 1층",126.650688,37.3973247
262,광주문화전당역점,광주광역시 동구 서남동 서석로 44 1층 ~ 2층  ,062-236-6591,광주광역시 동구 서남동 서석로 44 1층 ~ 2층,126.91841,35.1465522
263,대구228공원앞점, 대구광역시 중구 동성로3길 106  , 053-421-7436,대구광역시 중구 동성로3길 106,128.598779,35.8699881
264,삼성루첸타워점,서울 강남구 대치동 943-2 루첸타워 1층 로비  ,02-994-8879,서울특별시 강남구 대치동 943-2 루첸타워 1층 로비,127.058634,37.506988
265,수원AK플라자점,경기도 수원시 팔달구 덕영대로 924 AK플라자 4층  ,031-240-2246 ｜ 031-278-7641,경기도 수원시 팔달구 덕영대로 924 AK플라자 4층,126.999872,37.2661507
266,하나은행을지로본점,서울시 중구 을지로 35 하나은행 을지로본점 24F 내 스마트워크센터  ,02-338-9179,서울특별시 중구 을지로 35 하나은행 을지로본점 24F 내 스마트워크센터,126.981959,37.5664209
267,선릉KSA한국표준협회점,서울시 강남구 테헤란로69길 5 DT센터점 1층  ,02-3141-7948,서울특별시 강남구 테헤란로69길 5 DT센터점 1층,127.052379,37.506198
268,논현역6번출구앞점,서울시 서초구 강남대로 563 페이토플라자 1층 ( 잠원동 37-1 )  ,02-755-3301,서울특별시 서초구 강남대로 563 페이토플라자 1층 ( 잠원동 37-1 ),127.020441,37.5120009
269,이태원몬드리안호텔점,서울시 용산구 장문로 23 몬드리안 서울 이태원호텔 101호  ,02-3775-0548,서울특별시 용산구 장문로 23 몬드리안 서울 이태원호텔 101호,126.993271,37.5289499
270,광주봉선점,광주광역시 남구 봉선로 168  ,062-671-3371,광주광역시 남구 봉선로 168,126.913508,35.122843
271,KB국민은행노원역점,"서울시 노원구 동일로 1405, 1층 일부  ",02-930-9486,"서울특별시 노원구 동일로 1405, 1층 일부",127.060197,37.6538033
272,수서역원방빌딩점,서울 강남구 광평로 51길 6-23 원방테크사옥 1층  ,02-3473-3830,서울특별시 강남구 광평로 51길 6-23 원방테크사옥 1층,127.103916,37.4887031
273,송파헬리오시티점,서울시 송파구 송파대로 345 ( 헬리오시티상가 3블럭 A동 B1층 22호 )  ,02-777-3363,서울특별시 송파구 송파대로 345 ( 헬리오시티상가 3블럭 A동 B1층 22호 ),127.102515,37.4975972
274,청계천을지로점,서울 중구 남대문로10길 33 1F  ,02-723-1771,서울특별시 중구 남대문로10길 33 1F,126.984483,37.5677818
275,서초중앙로점,"서울시 서초구 서초중앙로 209, 해성빌딩 1층  ",02-537-2992,"서울특별시 서초구 서초중앙로 209, 해성빌딩 1층",127.011753,37.500298
276,일산동구청점,경기도 고양시 일산동구 정발산로 38  ,031-903-3989,경기도 고양시 일산동구 정발산로 38,126.773133,37.6566965
277,부산화명수정역점,"부산광역시 북구 학사로 8  (화명동 2312), 크리스탈타워 2층 201~202호  ",051-361-3370,"부산광역시 북구 학사로 8 (화명동 2312), 크리스탈타워 2층 201~202호",129.008852,35.224042
